{
    "machine_names": {
        "0": "Reactor-358",
        "1": "UF5",
        "2": "DI Pass",
        "3": "Post Adjust",
        "4": "LMAS Reactor",
        "5": "Reactor-368",
        "6": "UF7",
        "7": "UF4"
    },
    "scheduled_shutdown": [
    ],
    "initial_amounts": {
        "LMAS": 0
    },
    "jobs": {
        "C0647": [
            [[2.5, 0, "R358", "J06S6"]],
            [[0.5, 0, "R358", "J06S6", 130]],
            [[3.5, 0, "R358", "J06S6", 450]],
            [[2.5, 0, "R358", "J06S6"]],
            [[8, 1, "UF5", "J06S6"], [8, 6, "UF4", "J06S6"]],
            [[2.5, 0, "R358", "J06S6"]],
            [[0.5, 0, "R358", "J06S6", 130]],
            [[3.5, 0, "R358", "J06S6", 450]],
            [[2.5, 0, "R358", "J06S6"]],
            [[8, 1, "UF5", "J06S6"], [8, 6, "UF4", "J06S6"]],
            [[4, 2, "DI Pass", "J06S6"]],
            [[4, 2, "DI Pass", "C0647"]]
        ],
        "A09B4": [
            [[1.8, 0, "R358", "A09B4"]],
            [[0.5, 0, "R358", "A09B4", 225]],
            [[3.9, 0, "R358", "A09B4", 450]],
            [[1.8, 0, "R358", "A09B4"]],
            [[8, 1, "UF5", "A09B4"], [8, 6, "UF4", "A09B4"]],
            [[1.8, 0, "R358", "A09B4"]],
            [[0.5, 0, "R358", "A09B4", 225]],
            [[3.9, 0, "R358", "A09B4", 450]],
            [[1.8, 0, "R358", "A09B4"]],
            [[8, 1, "UF5", "A09B4"], [8, 6, "UF4", "A09B4"]],
            [[8, 3, "Post Adjust", "A09B4"]]
        ],
        "K05B8": [
            [[2.4, 0, "R358", "F05E5"]],
            [[3.2, 0, "R358", "F05E5", 570]],
            [[2.4, 0, "R358", "F05E5"]],
            [[8, 1, "UF5", "F05E5"], [8, 6, "UF4", "F05E5"]],
            [[2.4, 0, "R358", "F05E5"]],
            [[3.2, 0, "R358", "F05E5", 570]],
            [[2.4, 0, "R358", "F05E5"]],
            [[8, 1, "UF5", "F05E5"], [8, 6, "UF4", "F05E5"]],
            [[2.4, 0, "R358", "F05E5"]],
            [[3.2, 0, "R358", "F05E5", 570]],
            [[2.4, 0, "R358", "F05E5"]],
            [[8, 1, "UF5", "F05E5"], [8, 6, "UF4", "F05E5"]],
            [[4, 2, "DI Pass", "K05B8"]]
        ],
        "M09C2": [
            [[1.8, 0, "R358", "M09C2"]],
            [[0.5, 0, "R358", "M09C2", 178]],
            [[3.9, 0, "R358", "M09C2", 450]],
            [[1.8, 0, "R358", "M09C2"]],
            [[5, 1, "UF5", "M09C2"], [5, 6, "UF4", "M09C2"]]
        ],
        "J07B1": [
            [[1.3, 0, "R358", "J07B1"]],
            [[0.5, 0, "R358", "J07B1", 160]],
            [[3.9, 0, "R358", "J07B1", 450]],
            [[1.3, 0, "R358", "J07B1"]],
            [[9, 1, "UF5", "J07B1"], [9, 6, "UF4", "J07B1"]],
            [[1.3, 0, "R358", "J07B1"]],
            [[0.5, 0, "R358", "J07B1", 160]],
            [[3.9, 0, "R358", "J07B1", 450]],
            [[1.3, 0, "R358", "J07B1"]],
            [[9, 1, "UF5", "J07B1"], [9, 6, "UF4", "J07B1"]],
            [[1.3, 0, "R358", "J07B1"]],
            [[0.5, 0, "R358", "J07B1", 160]],
            [[3.9, 0, "R358", "J07B1", 450]],
            [[1.3, 0, "R358", "J07B1"]],
            [[9, 1, "UF5", "J07B1"], [9, 6, "UF4", "J07B1"]],
            [[3, 3, "Post Adjust", "J07B1"]]
        ],
        "D07D2": [
            [[2.8, 0, "R358", "D07D2"]],
            [[0.5, 0, "R358", "D07D2", 165]],
            [[3.9, 0, "R358", "D07D2", 450]],
            [[2.8, 0, "R358", "D07D2"]],
            [[8, 1, "UF5", "D07D2"], [8, 6, "UF4", "D07D2"]],
            [[2.8, 0, "R358", "D07D2"]],
            [[0.5, 0, "R358", "D07D2", 165]],
            [[3.9, 0, "R358", "D07D2", 450]],
            [[2.8, 0, "R358", "D07D2"]],
            [[8, 1, "UF5", "D07D2"], [8, 6, "UF4", "D07D2"]],
            [[2.8, 0, "R358", "D07D2"]],
            [[0.5, 0, "R358", "D07D2", 165]],
            [[3.9, 0, "R358", "D07D2", 450]],
            [[2.8, 0, "R358", "D07D2"]],
            [[8, 1, "UF5", "D07D2"], [8, 6, "UF4", "D07D2"]]
        ],
        "W07N6": [
            [[2.4, 0, "R358", "F05E5"]],
            [[3.2, 0, "R358", "F05E5", 570]],
            [[2.4, 0, "R358", "F05E5"]],
            [[8, 1, "UF5", "F05E5"], [8, 6, "UF4", "F05E5"]],
            [[2.4, 0, "R358", "F05E5"]],
            [[3.2, 0, "R358", "F05E5", 570]],
            [[2.4, 0, "R358", "F05E5"]],
            [[8, 1, "UF5", "F05E5"], [8, 6, "UF4", "F05E5"]],
            [[2.4, 0, "R358", "F05E5"]],
            [[3.2, 0, "R358", "F05E5", 570]],
            [[2.4, 0, "R358", "F05E5"]],
            [[8, 1, "UF5", "F05E5"], [8, 6, "UF4", "F05E5"]],
            [[4, 2, "DI Pass", "W07N6"]],
            [[4, 2, "DI Pass", "W07N6"]]
        ],
        "F07G4": [
            [[3.8, 0, "R358", "W05Z5"]],
            [[0.5, 0, "R358", "W05Z5", 40]],
            [[3.9, 0, "R358", "W05Z5", 450]],
            [[3.8, 0, "R358", "W05Z5"]],
            [[12, 1, "UF5", "W05Z5"], [12, 6, "UF4", "W05Z5"]],
            [[3.8, 0, "R358", "W05Z5"]],
            [[0.5, 0, "R358", "W05Z5", 40]],
            [[3.9, 0, "R358", "W05Z5", 450]],
            [[3.8, 0, "R358", "W05Z5"]],
            [[12, 1, "UF5", "W05Z5"], [12, 6, "UF4", "W05Z5"]],
            [[3.8, 0, "R358", "W05Z5"]],
            [[0.5, 0, "R358", "W05Z5", 40]],
            [[3.9, 0, "R358", "W05Z5", 450]],
            [[3.8, 0, "R358", "W05Z5"]],
            [[12, 1, "UF5", "F07G4"], [12, 6, "UF4", "F07G4"]]
        ],
        "M07A5": [
            [[0.5, 5, "R368", "M07A5", 40]],
            [[39.5, 5, "R368", "M07A5", 215]],
            [[16, 6, "UF7", "M07A5"]]
        ],
        "M07A5_2": [
            [[0.5, 5, "R368", "M07A5", 40]],
            [[20, 5, "R368", "M07A5", 215]]
        ],
        "B05Y5": [
            [[0.5, 5, "R368", "B05Y5", 40]],
            [[9.5, 5, "R368", "B05Y5", 215]],
            [[8, 6, "UF7", "B05Y5"]]
        ],
        "LMAS": [
            [[6.9, 4, "LMASReactor", "LMAS"]]
        ]
    },
    "forecast1":[
        ["M07A5", 60361, 744],
        ["B05Y5", 12461, 744]
    ],
    "forecast2":[
        ["A09B4", 27211, 744],
        ["M07A5", 60361, 744],
        ["B05Y5", 12461, 744]
    ],
    "forecast3":[
        ["A09B4", 27211, 744],
        ["K05B8", 19439, 744],
        ["M07A5", 60361, 744],
        ["B05Y5", 12461, 744]
    ],
    "forecast4":[
        ["A09B4", 27211, 744],
        ["K05B8", 19439, 744],
        ["D07D2", 7944, 300],
        ["M07A5", 60361, 744],
        ["B05Y5", 12461, 744]
    ],
    "forecast5":[
        ["A09B4", 27211, 300],
        ["K05B8", 19439, 744],
        ["M09C2", 17307, 744],
        ["D07D2", 7944, 300],
        ["W07N6", 1916, 600],
        ["F07G4", 760, 744],
        ["M07A5", 40361, 744],
        ["M07A5", 20361, 250],
        ["B05Y5", 12461, 744]
    ],
    "forecast":[
        ["A09B4", 27211, 744],
        ["K05B8", 19439, 744],
        ["M09C2", 17307, 744],
        ["D07D2", 7944, 300],
        ["W07N6", 1916, 600],
        ["F07G4", 760, 744],
        ["M07A5", 60361, 744],
        ["B05Y5", 12461, 744]
    ],
    "batches": {
        "M07A5_2": 21093,
        "C0647": 13340,
        "A09B4": 18305,
        "K05B8": 23810,
        "M09C2": 9779,
        "J07B1": 20412,
        "D07D2": 20905,
        "W07N6": 21020,
        "F07G4": 19136,
        "LMAS":  112519,
        "B05Y5": 20146,
        "M07A5": 21093
    }
}