{
    "machine_names": {
        "0": "Reactor-358",
        "1": "UF5",
        "2": "DI Pass",
        "3": "Post Adjust",
        "4": "UF7"
    },
    "jobs": {
        "C0647": [
            [[9, 0, "R358", "J06S6"]],
            [[8, 1, "UF5", "J06S6"],[8, 4, "UF7", "J06S6"]],
            [[9, 0, "R358", "J06S6"]],
            [[8, 1, "UF5", "J06S6"],[8, 4, "UF7", "J06S6"]],
            [[4, 2, "DI Pass", "J06S6"]],
            [[4, 2, "DI Pass", "C0647"]]
        ],
        "A09B4": [
            [[8, 0, "R358", "A09B4"]],
            [[8, 1, "UF5", "A09B4"],[8, 4, "UF4", "A09B4"]],
            [[8, 0, "R358", "A09B4"]],
            [[8, 1, "UF5", "A09B4"],[8, 4, "UF7", "A09B4"]],
            [[8, 3, "Post Adjust", "A09B4"]]
        ],
        "K05B8": [
            [[8, 0, "R358", "F05E5"]],
            [[8, 1, "UF5", "F05E5"],[8, 4, "UF7", "F05E5"]],
            [[8, 0, "R358", "F05E5"]],
            [[8, 1, "UF5", "F05E5"],[8, 4, "UF7", "F05E5"]],
            [[8, 0, "R358", "F05E5"]],
            [[8, 1, "UF5", "F05E5"],[8, 4, "UF7", "F05E5"]],
            [[4, 2, "DI Pass", "K05B8"]]
        ],
        "M09C2": [
            [[8, 0, "R358", "M09C2"]],
            [[5, 1, "UF5", "M09C2"],[5, 4, "UF7", "M09C2"]]
        ],
        "J07B1": [
            [[7, 0, "R358", "J07B1"]],
            [[9, 1, "UF5", "J07B1"],[9, 4, "UF7", "J07B1"]],
            [[7, 0, "R358", "J07B1"]],
            [[9, 1, "UF5", "J07B1"],[9, 4, "UF7", "J07B1"]],
            [[7, 0, "R358", "J07B1"]],
            [[9, 1, "UF5", "J07B1"],[9, 4, "UF7", "J07B1"]],
            [[3, 3, "Post Adjust", "J07B1"]]
        ],
        "D07D2": [
            [[10, 0, "R358", "D07D2"]],
            [[8, 1, "UF5", "D07D2"],[8, 4, "UF7", "D07D2"]],
            [[10, 0, "R358", "D07D2"]],
            [[8, 1, "UF5", "D07D2"],[8, 4, "UF7", "D07D2"]],
            [[10, 0, "R358", "D07D2"]],
            [[8, 1, "UF5", "D07D2"],[8, 4, "UF7", "D07D2"]]
        ],
        "W07N6": [
            [[8, 0, "R358", "F05E5"]],
            [[8, 1, "UF5", "F05E5"],[8, 4, "UF7", "F05E5"]],
            [[8, 0, "R358", "F05E5"]],
            [[8, 1, "UF5", "F05E5"],[8, 4, "UF7", "F05E5"]],
            [[8, 0, "R358", "F05E5"]],
            [[8, 1, "UF5", "F05E5"],[8, 4, "UF7", "F05E5"]],
            [[4, 2, "DI Pass", "W07N6"]],
            [[4, 2, "DI Pass", "W07N6"]]
        ],
        "F07G4": [
            [[12, 0, "R358", "W05Z5"]],
            [[12, 1, "UF5", "W05Z5"],[12, 4, "UF7", "W05Z5"]],
            [[12, 0, "R358", "W05Z5"]],
            [[12, 1, "UF5", "W05Z5"],[12, 4, "UF7", "W05Z5"]],
            [[12, 0, "R358", "W05Z5"]],
            [[12, 1, "UF5", "F07G4"],[12, 4, "UF7", "F07G4"]]
        ]
    },
    "cleaning": [
        ["M09C2", 0, 4],
        ["J06S6", 0, 4],
        ["A09B4", 0, 4],
        ["F05E5", 0, 4],
        ["J07B1", 0, 4],
        ["D07D2", 0, 4],
        ["W05Z5", 0, 4]
    ],
    "forecast": [
        ["C0647", 4745, 300],
        ["C0647", 4745, 600],
        ["A09B4", 177500, 600],
        ["K05B8", 69593, 600],
        ["M09C2", 66667, 600],
        ["J07B1", 41152, 600],
        ["D07D2", 22640, 600],
        ["W07N6", 0, 600],
        ["F07G4", 43457, 600]
    ],
    "batches": {
        "C0647": 13339.58,
        "A09B4": 18304.50,
        "K05B8": 23810.12,
        "M09C2": 9779.38,
        "J07B1": 20412.62,
        "D07D2": 20905.12,
        "W07N6": 21019.92,
        "F07G4": 19135.81
    }
}