{
    "machine_names": {
        "0": "Reactor-358",
        "1": "UF5",
        "2": "DI Pass",
        "3": "Post Adjust",
        "4": "LMAS Reactor",
        "5": "Reactor-368",
        "6": "UF7"
    },
    "scheduled_shutdown": [
    ],
    "scheduled_shutdown2": [
        {"duration": 168, "minimum_start": 300, "maximum_start": 450}
    ],
    "initial_amounts": {
        "LMAS": 0
    },
    "max_consumption": {
        "LMAS": 2
    },
    "consumption": {
        "J06S6": {
            "0": {
                "LMAS": 1
            }
        },
        "A09B4": {
            "0": {
                "LMAS": 1
            }
        },
        "F05E5": {
            "0": {
                "LMAS": 1
            }
        },
        "M09C2": {
            "0": {
                "LMAS": 1
            }
        },
        "J07B1": {
            "0": {
                "LMAS": 1
            }
        },
        "D07D2": {
            "0": {
                "LMAS": 1
            }
        },
        "W05Z5": {
            "0": {
                "LMAS": 1
            }
        },
        "M07A5": {
            "5": {
                "LMAS": 1
            }
        },
        "B05Y5": {
            "5": {
                "LMAS": 1
            }
        }
    },
    "jobs": {
        "C0647": [
            [[9, 0, "R358", "J06S6"]],
            [[8, 1, "UF5", "J06S6"], [8, 6, "UF7", "J06S6"]],
            [[9, 0, "R358", "J06S6"]],
            [[8, 1, "UF5", "J06S6"], [8, 6, "UF7", "J06S6"]],
            [[4, 2, "DI Pass", "J06S6"]],
            [[4, 2, "DI Pass", "C0647"]]
        ],
        "A09B4": [
            [[8, 0, "R358", "A09B4"]],
            [[8, 1, "UF5", "A09B4"], [8, 6, "UF7", "A09B4"]],
            [[8, 0, "R358", "A09B4"]],
            [[8, 1, "UF5", "A09B4"], [8, 6, "UF7", "A09B4"]],
            [[8, 3, "Post Adjust", "A09B4"]]
        ],
        "K05B8": [
            [[8, 0, "R358", "F05E5"]],
            [[8, 1, "UF5", "F05E5"], [8, 6, "UF7", "F05E5"]],
            [[8, 0, "R358", "F05E5"]],
            [[8, 1, "UF5", "F05E5"], [8, 6, "UF7", "F05E5"]],
            [[8, 0, "R358", "F05E5"]],
            [[8, 1, "UF5", "F05E5"], [8, 6, "UF7", "F05E5"]],
            [[4, 2, "DI Pass", "K05B8"]]
        ],
        "M09C2": [
            [[8, 0, "R358", "M09C2"]],
            [[5, 1, "UF5", "M09C2"], [5, 6, "UF7", "M09C2"]]
        ],
        "J07B1": [
            [[7, 0, "R358", "J07B1"]],
            [[9, 1, "UF5", "J07B1"], [9, 6, "UF7", "J07B1"]],
            [[7, 0, "R358", "J07B1"]],
            [[9, 1, "UF5", "J07B1"], [9, 6, "UF7", "J07B1"]],
            [[7, 0, "R358", "J07B1"]],
            [[9, 1, "UF5", "J07B1"], [9, 6, "UF7", "J07B1"]],
            [[3, 3, "Post Adjust", "J07B1"]]
        ],
        "D07D2": [
            [[10, 0, "R358", "D07D2"]],
            [[8, 1, "UF5", "D07D2"], [8, 6, "UF7", "D07D2"]],
            [[10, 0, "R358", "D07D2"]],
            [[8, 1, "UF5", "D07D2"], [8, 6, "UF7", "D07D2"]],
            [[10, 0, "R358", "D07D2"]],
            [[8, 1, "UF5", "D07D2"], [8, 6, "UF7", "D07D2"]]
        ],
        "W07N6": [
            [[8, 0, "R358", "F05E5"]],
            [[8, 1, "UF5", "F05E5"], [8, 6, "UF7", "F05E5"]],
            [[8, 0, "R358", "F05E5"]],
            [[8, 1, "UF5", "F05E5"], [8, 6, "UF7", "F05E5"]],
            [[8, 0, "R358", "F05E5"]],
            [[8, 1, "UF5", "F05E5"], [8, 6, "UF7", "F05E5"]],
            [[4, 2, "DI Pass", "W07N6"]],
            [[4, 2, "DI Pass", "W07N6"]]
        ],
        "F07G4": [
            [[12, 0, "R358", "W05Z5"]],
            [[12, 1, "UF5", "W05Z5"], [12, 6, "UF7", "W05Z5"]],
            [[12, 0, "R358", "W05Z5"]],
            [[12, 1, "UF5", "W05Z5"], [12, 6, "UF7", "W05Z5"]],
            [[12, 0, "R358", "W05Z5"]],
            [[12, 1, "UF5", "F07G4"], [12, 6, "UF7", "F07G4"]]
        ],
        "LMAS": [
            [[8, 4, "LMASReactor", "LMAS"]]
        ],
        "M07A5": [
            [[8, 5, "R368", "M07A5"]],
            [[8, 5, "R368", "M07A5"]],
            [[8, 5, "R368", "M07A5"]],
            [[8, 5, "R368", "M07A5"]],
            [[8, 5, "R368", "M07A5"]],
            [[16, 1, "UF5", "M07A5"], [16, 6, "UF7", "M07A5"]]
        ],
        "B05Y5": [
            [[10, 5, "R368", "B05Y5"]],
            [[8, 1, "UF5", "B05Y5"], [8, 6, "UF7", "B05Y5"]]
        ],
        "LMAS": [

        ]
    },
    "forecast":[
        ["A09B4", 27211, 744],
        ["K05B8", 19439, 744],
        ["M09C2", 17307, 744],
        ["D07D2", 7944, 300],
        ["W07N6", 1916, 600],
        ["F07G4", 760, 744],
        ["M07A5", 60361, 744],
        ["B05Y5", 12461, 744]
    ],
    "forecast2":[
        ["A09B4", 177500, 600],
        ["K05B8", 69593, 600],
        ["M09C2", 66667, 600],
        ["J07B1", 41152, 600],
        ["D07D2", 22640, 300],
        ["W07N6", 0, 600],
        ["F07G4", 43457, 600],
        ["M07A5", 228860, 600],
        ["B05Y5", 54000, 600]
    ],
    "batches": {
        "C0647": 13340,
        "A09B4": 18305,
        "K05B8": 23810,
        "M09C2": 9779,
        "J07B1": 20412,
        "D07D2": 20905,
        "W07N6": 21020,
        "F07G4": 19136,
        "LMAS": 36,
        "B05Y5": 20146,
        "M07A5": 21093
    }
}