{
    "machine_names": {
        "0": "Reactor-358",
        "1": "UF",
        "2": "DI Pass",
        "3": "Post Adjust",
        "4": "LMAS Reactor"
    },
    "inputs": {
        "LMAS": 20
    },
    "consumption": {
        "J06S6": {
            "0": {
                "LMAS": 1
            }
        },
        "A09B4": {
            "0": {
                "LMAS": 1
            }
        },
        "F05E5": {
            "0": {
                "LMAS": 1
            }
        },
        "M09C2": {
            "0": {
                "LMAS": 1
            }
        },
        "J07B1": {
            "0": {
                "LMAS": 1
            }
        },
        "D07D2": {
            "0": {
                "LMAS": 1
            }
        },
        "W05Z5": {
            "0": {
                "LMAS": 1
            }
        }
    },
    "jobs": {
        "C0647": [
            [[9, 0, "R358", "J06S6"]],
            [[8, 1, "UF", "J06S6"]],
            [[9, 0, "R358", "J06S6"]],
            [[8, 1, "UF", "J06S6"]],
            [[4, 2, "DI Pass", "J06S6"]],
            [[4, 2, "DI Pass", "C0647"]]
        ],
        "A09B4": [
            [[8, 0, "R358", "A09B4"]],
            [[8, 1, "UF", "A09B4"]],
            [[8, 0, "R358", "A09B4"]],
            [[8, 1, "UF", "A09B4"]],
            [[8, 3, "Post Adjust", "A09B4"]]
        ],
        "K05B8": [
            [[8, 0, "R358", "F05E5"]],
            [[8, 1, "UF", "F05E5"]],
            [[8, 0, "R358", "F05E5"]],
            [[8, 1, "UF", "F05E5"]],
            [[8, 0, "R358", "F05E5"]],
            [[8, 1, "UF", "F05E5"]],
            [[4, 2, "DI Pass", "K05B8"]]
        ],
        "M09C2": [
            [[8, 0, "R358", "M09C2"]],
            [[5, 1, "UF", "M09C2"]]
        ],
        "J07B1": [
            [[7, 0, "R358", "J07B1"]],
            [[9, 1, "UF", "J07B1"]],
            [[7, 0, "R358", "J07B1"]],
            [[9, 1, "UF", "J07B1"]],
            [[7, 0, "R358", "J07B1"]],
            [[9, 1, "UF", "J07B1"]],
            [[3, 3, "Post Adjust", "J07B1"]]
        ],
        "D07D2": [
            [[10, 0, "R358", "D07D2"]],
            [[8, 1, "UF", "D07D2"]],
            [[10, 0, "R358", "D07D2"]],
            [[8, 1, "UF", "D07D2"]],
            [[10, 0, "R358", "D07D2"]],
            [[8, 1, "UF", "D07D2"]]
        ],
        "W07N6": [
            [[8, 0, "R358", "F05E5"]],
            [[8, 1, "UF", "F05E5"]],
            [[8, 0, "R358", "F05E5"]],
            [[8, 1, "UF", "F05E5"]],
            [[8, 0, "R358", "F05E5"]],
            [[8, 1, "UF", "F05E5"]],
            [[4, 2, "DI Pass", "W07N6"]],
            [[4, 2, "DI Pass", "W07N6"]]
        ],
        "F07G4": [
            [[12, 0, "R358", "W05Z5"]],
            [[12, 1, "UF", "W05Z5"]],
            [[12, 0, "R358", "W05Z5"]],
            [[12, 1, "UF", "W05Z5"]],
            [[12, 0, "R358", "W05Z5"]],
            [[12, 1, "UF", "F07G4"]]
        ],
        "LMAS": [
            [[8, 4, "LMASReactor", "LMAS"]]
        ]
    },
    "changeover": [
        ["M09C2", 0, 4],
        ["J06S6", 0, 4],
        ["A09B4", 0, 4],
        ["F05E5", 0, 4],
        ["J07B1", 0, 4],
        ["D07D2", 0, 4],
        ["W05Z5", 0, 4]
    ],
    "forecast": [
        ["C0647", 4745, 300],
        ["C0647", 4745, 600],
        ["A09B4", 177500, 600],
        ["K05B8", 69593, 600],
        ["M09C2", 66667, 600],
        ["J07B1", 41152, 600],
        ["D07D2", 22640, 300],
        ["W07N6", 0, 600],
        ["F07G4", 43457, 600]
    ],
    "due_dates": [
        ["C0647", 12, 4745],
        ["A09B4", 300, 80000],
        ["C0647", 600, 4745]
    ],
    "batches": {
        "C0647": 13340,
        "A09B4": 18305,
        "K05B8": 23810,
        "M09C2": 9779,
        "J07B1": 20412,
        "D07D2": 20905,
        "W07N6": 21020,
        "F07G4": 19136,
        "LMAS": 12
    }
}